id,name
1,Purpose
2,Brother
3,Ago
4,Site
5,Face
6,Election
7,Dog
8,Chair
9,Since
10,Blue
11,Require
12,Sit
13,Wait
14,Offer
15,Begin
16,Performance
17,Knowledge
18,Almost
19,All
20,Better
21,Discover
22,Early
23,Mouth
24,Play
25,Agreement
26,Option
27,Decide
28,Sense
29,Rate
30,Science
31,Offer
32,Kind
33,Discussion
34,List
35,Perform
36,Fall
37,Table
38,True
39,According
40,Song
41,Sure
42,Collection
43,Save
44,Knowledge
45,Grow
46,Fall
47,Clearly
48,Dinner
49,Source
50,Great
51,Blue
52,Best
53,Husband
54,Bill
55,Her
56,Throw
57,Guy
58,Pm
59,Everything
60,Surface
61,Animal
62,Show
63,Machine
64,Not
65,Capital
66,Win
67,Human
68,Bar
69,Old
70,Finally
71,Themselves
72,Production
73,Present
74,Value
75,Training
76,High
77,Participant
78,Dark
79,Sea
80,Available
81,Answer
82,Recently
83,Drive
84,Spring
85,Figure
86,Base
87,Top
88,Early
89,Trial
90,Blood
91,Husband
92,Fall
93,Long
94,Prove
95,They
96,His
97,Commercial
98,Hospital
99,Hear
100,Determine
